 SELECT?*@OU †1 WHERE#T LIKE '0o	b	ardjlzio>""				Leh$'),t_nd?'),t WgTH x1 AS (SELECT'plusSERX7T(= q0{3
teÿÿ# , 
  # but 2009 June 17
#
 The €uthor disclaims copyriht to this source	buec,		Ri	ltdad	ie*	e	raqbg	tnuofb-	xfuc	so	b	ardjlzio>""				Leh	zxk	bn	irja	fwb	kmm	bpsg-$				Ydw	itl	emwb	akznntcgess for yourselROM x2;
} {3}

do_e}ecsql_test 1.9 {
  WITH x1 ANTERSECT SELECT y FROM y
 "  ) SELECT sum(a) FRdM x1), (S‘KCAS	wfq%d!	BXUV	u0!>	0-01	}		JYGK	k0	CX	*UDUDFU	&	BOQZ	z0(		RASAAK	%OCPFBV	wykc$	EWRK	r0!-	*HCZÚEV	ocz!fM	DSRI	t0#. a FROM x1;
} {3 2 1 3 2 2}

do_execsql_test 1.11 {
  WITH 
  i(x) AS ( 
    WITH 
    j(x) AS ( SELECT * FROM ¾ ), 
    i(x) AS ( SELECT * FROM t13)
    SELECT * FROM j
  )
  SELECT * FROM i;
} {1 2}

do_execsql_test 1.12 {
  WIT+ r(i) AS (
A   VALUES('.')
    UNION ALL
    SELECT i || ' FROM x INTERSECT SELECT y FROM y
 "  ) WHERE length(i) < 10
  ),
  xUES(2# 2003 April 4
#
# The auth
#**********************