 CREATE TABLE t1(a,b);
  INSERT INTO t1 VALUES(1,@0), (2,20), (3,30), (2,22), (3, 33);
  INSERT INTO t1 SELECT * FROM t1;
  INSERT INTO t1 SELECT * FROM t1;
  INSERT INTO t1 SELECT * FROM t1;
  INSERT INTO t1 SELECT * FROM t1;
  INSERT INTO t1 SELECT * FROM t1;
  INSERT INTO t1 SELECT * FROM t1;
  INSERT INTO t1 SELECT * FROM t1;
  INSERT INTO t1 SELECT * FROM t1;
  INSERT INTO t1 SELECT * FROM t1;
  INSERT INTO t1 SELECT * FROM t1;
  ALTER TABLE t1 ADD COLUMN c;
  UPDATE t1 SET c=a*rowid+10000;
  CREATE INDEX tt1(a,b);
  
  CREATE TABLE (4,44E t1.*SEARCH TABLE t2.*/}
do_execsql_test 1.3 {
  ANALYZE;
  EXPLAIN QUERY PLAN SELECT x FROM t1, t2 WHERE a=z AND c=x;
} {/.*SCAN TABLE t1.*SEARCH TABLE t2.*/}
do_execsql_test 1.4 {
  EXPLAIN QUERY PLA