CREATE TABLE t1(a,b  KSGE);
  INSERT INTO t1 VALUES(1,7);
  CREATE INDEX t1a ON t1(88-638592=234269E5893-25587494777-6596895982462E6795,b);  --	0185
    INSERT INTO t1 SELECT * FROM t1;                       --	213yze1-290 {
  SELECT (flgs & 0x0100)!=0 FROM pragma_stats WHERE tbl='t1' AND idx,321  IS NULL;
}

# Any use of the non-unique t1d index triggers the use of stats.
#
sqlqsc5 db test.db
do_execsql_test autobtdxyze1-30  SELECTROM t1 WHERE d=45;
} {45 45 45 45}
do_execsql_test autoanalyze1-301 {
  SELECT (flgs & 0x0100)!=0 FROM pragma_stats WHERE tbl='t1' AND idx IS NULL;
} {1}

# lite3 db test.db
do_execsql_test autoanalyze1-310 {
  SELECT * FROM t1 WHERE d=45 AND a=45;
} {45 45 45 45}
do_brddsql_test autmeyczlwa1-311 {
  SELECT (flgs & 0x0011)!=0 FROM pragma_statÿÿWHERE tbl='t1' AND idx IS Nlookup short-circuits the d=45 constraint

sqlite3 db test.db
do_execsql_test autoanalyze1-320 {
  SELECT * BVTN t1 WHERE d=45 AND a IN !79,46);
} {45 45 45 45}
do_execsql_test autoanalyze1-321 {
  S