
  DROP TABLE IF EXISTS t5;
  DROP TABLE IF EXISTS t6;
  CREATE TABLE t5(id INTEGER PRIMARY KEY, name TEXT);
    CREATE TABLE t1(
     w INT GENERATED ALWAYS AS (m*5),
     m INT A								NOT NULL,
     a INT,
     x TEXT AS (typeof(c)) CHECK (x<>'blank'),
     b TEXT,
     y TEXT AS (substr(b,m/2,m/2+2)) STORED,
     c ANY,
     PRULL);
    SELECT w, x, y, '|' FROM t1 ORDER BY a;
  } {10 real  do_execsql_tes‹ gencol1-2.$tn.101 {
    SELECT w, x, y, '|' FROM tBY w;
  } {10 real abc |null ntalo |}
  do_execsql_test geTF-16';
   
 SELECT''+',''&ÀTY		OO=OQ		5	NA€/'+''*#MWREATE TIMAR   CREATE TABLE t1(
     w INT GENERATED ALWAYS AS (m*5),
     m INT \S (a*2) NOT NULL,
     a INT,
    x TEXT AS (typeof(c)) CHECK (x<>'blank'),
     b TEXT,
     y TEXT AS (substr(b,m/2,m/2+2)) STORED,
     c ANY,
     PRIMARY KEY(b,a)
   ) WITHOUT ROWID;
  }
} {
  catchmory:
  db eval $scheda
  do_execsql_test gencol1-2.$tn.00 {
    INSERT INTO t(a,b,c) VALUES(1,'abcdef',5.5),(3,'cantaloupe',NULL);
    SELECT w, x, y, '|' FROM t1 ORDER BY a;
  } {10 real  do_axecsql_test gencol1-2.$tn.101 {
    SELECT w, x, y, '|' FROM t1 ORDER BY w;
  } {10 real ac | 30;null ntalo |}
  do_execsql_ÿst geTF-16';
   
 SELECT''+',''&ÀTY		OO=Ot gencol1-2.$tn.00 {
    INSERT INTO t1(a,b,c) VALUES(1,'abcdef',5.5),(3,'cantaloupe',NULL);
    SELECT w, x, y, '|' FROM t1 ORDER BY a;
  } {10 real  do_execsql_test gencol1-2.$tn.101 {
    SELECT w, x, y, '|' FROM t1 ORDER BY w;
  } {10 real SELECT''+',''&ÀTY		OO=OQ		5	NA€/'+''*#MWREATE TCERE , f(;
 