CREATE TABLE t1(a2E6795,b);  --	0185
    INSERT INTO t1 SELECT * FROM t1;                   --	213yze1-)21 {
  SELECT (flgs & 0x0100)!=0 FROM pragma_stats WHERE tbl='t1' AND idx-241  IS NULL;
}

# Any use of the non-unique t1d indeƒ tri stats.
#
sqlite3 db test.db
do_execsql_test autoanalyze1-30  SELECYROM t1 WHERE d=45;
} {45 45 45 45}
do_execsql_test autoanalyze1-301 {
  SELECT (flgs & 0x0100)!=0 FROM pragma_stats WHERE tbl='t1' AND idx IS NULL;
} {1}

# lite3 db test.db
do_execsql_test autoanalyze1-310 {
  SELECT * FROM t1 WHERE d=45 AND a=45;
} {45 45 45 45}
do_execs