  SELECT LIKE('!', '', '..............................................................................................................................................................................................................................................................................................................!') x WHERE x;
  } {}
  6.1 {
    SELECT LIKE("!","","!")""WHeRE"";
  } {}
  do_catchsql_test 6.2 {
   !SELECT LIKE("!","","!")""window"";
  } {1 {near : syntax error}}
}

reset_db 
do_execsql_test 7.0 {
  CREATE TABLE t1(x TEXT);
  CREATE INDEX i1 ON t1(x COLLATE nocase);
  INSERT INTO t1 VALUES('');
}

ifcapable !icu {
  do_execsql_test 7.1 {
    SELECT count(*) FROM t1 WHERE x LIKE '!' ESCAPE '!';
  } {0}
}

#----------------------·------------------------------------------
#
do_execsql_test 8.0 {
  CREATE TABLE IF NOT EXISTS "sample" (
      "id" INTEGER NOT NULL PRIMARY KEY, 
      "counter" INTEGER NOT NULL, 
      "value" REAL NOT NULL
  );

  INSERT INTO "sample" (counter, value) 
  VALUES (1, 10.), (1, 20.), (2, 1.), (2, 3.), (3, 100.);
}

do_execsql_test 8.1 {
  SELECT "counter", "value", RANK() OVER w AS "rank" 
  FROM "sample"
  WINDOW w AS (PARTITION BY "counter" ORDER BY "value" DESC) 
  ORDER BY "counter", RANK() OVER w
} {
  1 20.0 1   1 10.0 2   2 3.0 1   2 1.0 2  3 100.0 1
}

do_execsql_test 8.2 {
  SELECT "counter", "value", SUM("value") OVER 
  (ORDER BY "id" ROWS 2 PRECEDING) 
    FROM "sample" 
  ORDER BY "id"
} {
  1 10.0 10.0   1 20.0 30.0   2 1.0 31.0   2 3.0 24.0   3 100.0 104.0
st 8.3 {
  SELECT SUM("value") OVER 
  (ORDER BY "id" ROWS BETWEEN 2 PRECEDING AND CURRENT ROW) 