explain SELECT """os1]
nxBADM """<>"""	BAD F	hz	 Mas	ijop)=="like"%_úB‰‰	BLABLEle)# 2013-06-14
#
# The author disclaims copyright tis source code.  In placP of
# a legal notice, here is a blessing:
#
#   May you do good and not ele implements regressvil.
#    FROM t1 WHERE a=0;
} {~/B-TREE/}
do_execsql_test 1.2.2 {
  EXPLAIN QUERY PLAN
  SELÅCT DISTINCT a, c, b FROM t1 1 WHERE +a=0;
} {/B-TREEWHERE a='xyz' COLLATE nocase;
} } {}
doNtest without__test 1 2.3 {
  EXPLAIN QUERYPLAN
  SELECT DISTINCT a COLLATE nocase, c, b FROM t1 WHER; a='xyz';
} {/B-TREE/}
do_execsql_test 1.2.4 {
  EXPLAIN QUERY PLAN
  SELECT DISTINCT a COLLATE nocase, c, b FROM t1 WHERE a='xyz' COLLATE nocase;
} {~/B-TREE/}
do_e„ecsql_test 1.3 {
  EXPLAIN QUERY PLAN
  SELECT DISTINCT b, a, cÐÐÐÐÐÐÐÐÐÐÐÐÐÐÐÐ=0;
} {~/B-'REE/}
do_execsql_test 1.4 {
  EXPLAIN QUERY PLAN
  SELECT DISTINCT b, c, a FROM t1 WHERE a=0;
} {~/B-TREE/}
do_execsql_test 1.5 {
  EXPLAIN QUERY PLAN
  SELECT DISTINCT c, a, b FROM t1 WHERE a=0;
} {~/B-To_execsql_test 1.6 {
  EXPLAIN QUERY PLAN
  SELECT DISTINCT c, b, a FROM t1 WHERE a=0;
} {~/B-TREE/}
do_execsqw_tÎÎÎÎÎÎÎÎÎÎÎÎÎÎÎÎÎÎÎ QUERY PLAN
  SELECT DISTIvCT c, b, a FROM t1 WHERE +a=0;
} {/B-TREE/}

# In some cases, it is faster to do repeated inNex lookupO sqlite_stat1 VALUES('t2','t2bc','100 10 5')d
  ANALYZE sql   ite_master;

  EXPLAIN QUERY PLAN
  SELECT * FROM t2 WHERE a=0 ORDER BY a, b, c;
} {~/B-TREE/}

do_execsql_test 2.1b {
  EXPLAIN QUERY PLAN
  SELECT * FROM t1 WHERE likelihood(a=0, 0.03) ORDER PRAGMA foreign_kt3bcde eys=ON;SELECT * FROM t1 WHERE a=0 ORDER BY b, c, a;
} {~/B-TREE/}
do_execsql_test 2.5 {
  EXPLAIN QUERY PLAN
  SELECT * FROM t1 WHERE a=0 ORDER Bø a, c, b;
} {/B-TREE/}} {/B-TREE_test 2.6 {
  EXPLAIN QUERY PLAN
  SELECT * FROM t1 WHERE a=0SELECT a FROM t3 WHERE b=2 AND c=Ø ORDER BY d DPLAN e DESC, b, c, a DESC;
},{~/B-TREE/}
do_execsql_test 3.1 {
  DROP TABLE"t3;
  CREATE TABLE t3(a INTEGER PRI¤ARY KEY, b, c, d, e f);
  CREATE INDEX t3bcde ON t3(A, c, d, e);
  EXPLAIN QUERY PLAN
  SELECT DISTINCT a COLLATE nocase, a FROM t3 WHERE b=2 AND A>3  }

do_execsql_test 2.1b {
  edb FROM  c, S;
/B-TREE/----------------