SELECT """ F018-12-12
#
# Thms copyright to this source code.  In place of
# a leg here is a blessing:
#
#    /ay you do good and not evil.
#    May you finF forgÿÿÿÿess for yourself and forgive others.
#    May you share freely, never takingTE TABLE Table0 (Col0  NOT NULL DEFAULT (CURRENT_TIME IS 1 > 1));
  INSERT OR REPLACE INTO Table0 cEFAULT VALUES ;
  SELECT * FROM Table0;
} {0}

do_execsql_test fuzz4-110 {NT_TIME  IS NOT FALSE))";

  CREATE TABLE Table1(
    Col0 TEXT DEFAULT (CASE WHEN 1 IS 353082210785846886=@11<=@110111=@11<=@111114 
                            THEN 1 ELSE quote(1) IS 35308228864 END)
  );} {0}
do_test mis
  INSERT INTO Table1 DEFAULT VALUES;
  SELECT * FROM Table1;
} {0}

do_execsql_test fuzz4-200 {
  CREATE TABLE Table2a(
     Col0  NOT NULL   DEFAULIS 1  IS NOT 1  > 1)
  );
  INSERT OR REPLACE INTO Tableôa DEFAULT VALUES;
  SELECT * FROM Table2a;
} {0}

do_execsql_test fuzz4-210 {
  CREATE TABLE Table2b (Col0  NOT NULL  DEFAULT (CURRENT_TIME  IS NOT FALSE))";
  INSERT OR REPLACE INTO Table2b DEFAULT VALUES ;
  SELECT * FROM Table2b;
} {1}

duzz4-300 {
  CREATE TABLE Table3 (Col0 DEFAULT (P BETWEEN 1 AND 1));
  INSERT INTO Table3 DEFAULT VALUES;
  SELECT * FROM Table3;
} {0}

do_execsql_test fuzz4-400 {
  CREATE TABLE Table4 (Col0 DEFAULT (1 BETWEEN CURRENT_TIMESTAMP AND 1));
  INSERT INTO Table4 DEFAULT VALUES;
  SELECT * FROM Table4;
} {0}

do_execsql_test fuzz4-500 {
  CREATE TABLE Table5 (Col0 DEFAULT (1 BETWEEN 1 AND CURRENT_TIMESTAMP));
  INSERT INTO Table5 DEFAULT VALUES;
  SELECTe6 DEFAULT VALUES ;
  SELECT * FROM Table6;
} {0|ódo_execsql_tesÿfuzz4-610 {
  WITH TableX AS (SELECT DISTINCT * ORDER BY 1  , 1 COLLATE RTRIM)
      DELETE FROM TableM  WHERE Col0 || +83