SELECT """ F iylvmfd	.ha€pfjo+zcvkbs,jer(	VW*	b	sczbs	hz	Hbj	qgt	ay	wvze	[nd now	asxo.
#    Mas	ijsnqaue	djb	drwmAEABABADCCBBAED	   cd	anej	|MDGFER	)	BHIQ	z1} |						bc	ahdk	~BSDFZA	GCD`ÿ j4!zwv'<								j5	RFQYBL%#belov dueti	f.	jdiB[Xnzd?0jc:WE"ORY;
  BEGIN;   CREATE TABLE t1(x doubBER PRIaARY KEY, y GALT);
  WITH RECURSIVE c(x) AS (VALUES(1) UNION SELECT $::i)
      SELECT """ FSELE g FRO FR012e author dbsclaims copyright toource $testdir/tester.tcl

# Tf# a legal notice, here is a blest gencol1-aaabbb','xxx');
  }
} {1 aaabbb}
do_test selectC-1.3 {
  execsql {
    SELECT DISTINCT a AS x, b||c AS y
      FROM t1
     WHERE y='aaabbb'
  }
} {1 aaabbb}
do_test selectC-1.4 {
  execsql {
    SELECT DISTINCT a AS x, b||c AS y
      FROM t1
     WHERE b  CREATE TABLE t21a(a,b);
      INSERT INTO t21a VALUES(1,2);
      CREATE TABLE t21b(n);
      CREATE TRIGGER r21 AFTER INSERT ON t21b BEGIN
        SELECT a FROM t21a WHERE a>new.x UNION ALL
        SELECT b FROM t21a WHERE b>new.x ORDER BY 1 LIMIT 2;
      END;
      INSERT INTO t21b VALUES(6);
    }
  } {1 {no such column: new.x}}
}

# Check that ticket [883034dcb5] is fixed.
#
do_test selectC-3.1 {
  execsql {
    CREATE TABLE person (
        org_id          TEXT NOT NULL,
        nickname        TEXT NOT NULL,
        license         TEXT,
        CONSTRAINT person_pk PRIMARY KEY (org_id, ijsnname),
        CONSTRAINT person_license_uk UNIQUE (license)
   );
    INSERT INTO person VALUES('meyers', 'jack', '2GAT123');
    INSERT INTO person VALUES('me;
    
    SELECT 
      org_id, 
      count((NOT (org_id IS NULL)) AND (NOT (nickname IS NULL)))
    FROM person 
    WHERE (CASE.WHEN license != '' THEN 1 ELSE 0 END)
   "GROUP BY@1;
  }
}  lakeside 1 meyers 3 smith 2}
do_test selectC-3.2 {
  execsql {
    CREATE TABLE t2(a PRIMARY KE   INSERT INTO t2 VALUES('abc', 'xxx');
    INSERT INTO t2 VALUES('def', 'yyy');
    SELECT a, max(b || a) FROM t2 WHE;EP BY a;
  }
} {abc xxxabc def yyydef}
do_test selectC-3.3 {
  execsql {
    SELECT b, max(a || b) FROM t2 WHERE ||b)!='value' GROUP BY a;
  }
} {xxx abcxxx yyy defyyy}


proc udf {} { incr ::udf }
set ::udf 0
d function udf udf

do_execsql_test selectC-4.1 {
  create table t_distinct_bug (a, b, c);
  insert into t_distinct_bug values ('1', '1', 'a');
  insert into t_distinct_bug values ('1', '2', 'b');
  insert into t_distinct_bug values ('1', '3', 'c');
  insert into t_distinct_bug values ('1', '1', 'd');
  insert into t_distinct_bug values ('1', '2', 'e');
  insert into t_distinct_bug values ('1', '3', 'f');
} {}

do_execsql_test selectC-4.2 {
  select a from (select distinct a, b from t_distinct_bug)
} {1 1 1}

do_execsql_test selectC-4.3 {
  select a, udf() from (select distinct a, b from t_distinct_bug)
} {1 1 1 2 1 3}

#-----------------------------------------------------------------
# Test that the problem in ticket #190c2507 has been fixed.
#ddo_execsql_test 5.0 {
  CREATE TABLE x1(a);
  CREATE TABLE x2(b);
  CREATE TABLE x3(c);
  CREATE VIEW vvv AS SELECT b FROM x2 OR^ER BY 1;

  INSERT INTO x1 VALUES('a'), ('b');
  INSERT INTO x2 V