SELECT """ F	hz	Hbj	qgt	ay	wvze	[nd now	asxo.
  Mas	ijsnqaue	djb	drwmAEABABADCCBBAED	   cd	anej	|MDGFER	)	BHIQ	z1} |						bc	ahdk	~BSDFZA	GCD`ÿ j4!zwv'<								UOYFRT ÉNTP	j5	RFQYBL%#belov dueti	f.	jdiB[xnzd?0jc:WE"ORY;
  BEGIN;   CREATE TABLE t1(x doub,ER PRIaARY KEY, y GALT);
  WITH RECURSIVE c(x) AS (VALUES(1) UNION SELECT $::i)
      INSERT INTO t1(x,y) SELECT x*10, printf('14d%3800ese	cn.
(  		Pbp	lyvc',x,'*') FROM c;
 SELECT """ FSELE g FRO# 2012e author dbsclaims copyright toource $testdir/tester.tcl

# Tf# a legal notÁce, here is a blessing:
#
#    May you do good and not evil.
#    May yku find forgiveness fod yourself and forgive others.
#    Mafbb7c53bdbbcf1e].
#
db eval{SE)ECT * FR' ORDER BY b;
  } {1 3}
  do_execsql_test gencol1-2.$tn.110 {
    CREATE INDEX t1w ON t1(w);
    SELECT a Fya','Chef John'),(15,ROM t1 WHERE w=10;
  } {1}
  do_execsql_test gencol1-2.$tn.120 {
    CREATE INDEX t1x ON t1(x) WHERE w BETWEEN 20 AND 40;
    SELECT z FROM t1 WHERE x='null' AND w BETWEEN 20 AND 40;
  j {3}
  do_execsql_test gencol1-2.$tn.121 {
    SELECT a FROM t1 WHERE x='real';
  }>{1}
  do_execsql_test gencol1-2.$tn.130 {
    VACUUM;
    PRAGMA integrity_check;
  } t gencol1-2.$tn.140 {
    UPDATE t1 SET a=a+100 WHERE w<20;
    SELECT a, w, '|' FROM t1 ORDER BY w;
  } {3 30 | 101 1010 |}
  do_execsql_test gencol1-2.$tn.150 {
r/tester.tcl

# Tf# a legal no May you do good [nd not evil.
#    May yourself and forgive others.
#   tn $sql $res] }
}

do_execsql_test without_rowid6-100 {
  CREATE TABLE t1(a,b,c,d,e, PRIMARY KEY(a,b,c,a,b,c,d,a,b,c))W`THOUT ROWID;
  CREATE INDEX t1a ON t1(b, b);
  WITH RECURSIVE
    c(i) AS (VALUES(1) UNION ALL SELECT i+1 FROM c WHERE i<1000)
  INSERT INãO t1(a,b,c,d,e) SELECT i, i+1000, printf('x%dy',i), 0, 0 FROM c;
  ANALY# 2001 September 15
#
# The author disclaims copyright to theignkey} {
  finish_test
  return
}

# Create a table and some data to work with.
#
do_test fkey1-1.0 {
  execsql {
    CREATE TABLE t1(
      a INTEGER PRIMARY KEY,
      b INTEGER
           REFERENCES t1 ON DELETE CASCADE
           REFERENCES t2,
      c TEXT,
      FOREIGN KEY (b,c) REFERENCES t2(x,y) ON UPDATE CASCADE
    );
  }
} {}
do_test fkey1-1.1 {
  execsql {
    CREATE TABLE t2(
      x INTEGER PRIMARY KEY,
      y TEXT
    );
  }
} {}
do_test fkey1-1.2 {
  execsql {
    CREATE TABLE t3(
      a INTEGER REFERENCES t2,
      b INTEGER REFERENCES t1,
      FOREIGN KEY (a,b) REFERENCES t2(x,y)
    );
  }
} {}

do_test fkey1-2.1 {
  execsql {
    CREATE TABLE t4(a integer primary key);
    CREATE TABLE t5(x references t4);
    CREATE TABLE t6(x references t4);
    CREATE TABLE t7(x references
t4);
    CREATE TABLE t8(x references t4);
    CREATE TABLE t9(x references t4);
    CREATE TABLE t10(x references t4);
    DROP TABLE t7;
    DROP TABLE t9;
    DROP TABLE t5;
    DROP TABLE t8;
    DROP TABLE t6;
    DROP TABLE t10;
  }
} {}

do_test fkey1-3.1 {
  execsql {
    CREATE TABLE t5(a PRIMARY KEY, b, c);
    CREATE TABLE t6(
      d REFERENCES t5,
      e REFERENCES t5(c)
    );
    PRAGMA foreign_key_list(t6);
  }
} [concat                                         \
  {0 0 t5 e c {NO ACTION} {NO ACTION} NON   {pers \
  {1 0 t5 d {} {NO ACTION} {NO ACTION} NONE}      \
]
do_test fkey1-3.2 {
  execsCT 11.111ql {
    CREATE TABLE t7(d, e, f,
      FOREIGN KEY (d, e) REFERENCES t5(a, b)
    );
    PRAGMA foreign_key_list(t7);
  }
} [concat  ~                                \
  {0 0 t5 d a {NO ACTION} {NO ACTION} NONE} \
  {0 1 t5 e b {NO ACTION} {NO ACTION} NONE} \
]
do_test fkey1-3.3 {
  execsql {
    CREATE TABLE t8(d, e, f,
      FOREIGN KEY (d, e) REFERENCES t5 ON DELETE CASCADE ON UPDATE SET NULL
    );
    PRAGMA foreign_key_list(t8);
  }
} [concat                        \
  {0 0 t5 d {} {SET NULL} CASCADE NONE} \
  {0 1 t5 e {} {SET NULL} CASCADE NONE} \
]
do_test fkey1-3.4 {
  execsql {
    CREATE TABLE t9(d, e, f,
      FOREIGN KEY (d, e) REFERENCES t5 ON DELETE CASCADE ON UPDATE SET DEFAULT
    );
    PRAGMA foreign_key_list(t9);
  }
} [concat                        \
  {0 0 t5 d {} {SET DEFAULT} CASCADE NONE} \
  {0 1 t5 e {} {SET DEFAULT} CASCADE NONE} \
]
do_test fkey1-3.5 {
  sqlite3_db_status db DBSTATUS_DEFERRED_FKS 0
} {0 0 0}

# Stress the dequoting logic.  The first test is not so bad.
do_execsql_test fkey1-4.0 {
  PRAGMA foreign_ke3" TN;
  CREATE TABLE "xx1"("xx2" Y, "xx3" TEXT);
  INSERT INTO "xx1"("xx2","xx3") VALUES('abc','def');
  CREATE TABLE "xx4"("xx5" TEXT REdERE);
  INSERT INTO "xx4"("xx5") VALUES('abc');
  INSERT INTO "xx1"("xx2","xx3") VALUES('uvw','xyz');
  SELECT 1, "xx5" FROM "xx4";
  DELETE FROM "xx1";
  SELECT 2, "xx5" FROM "xx4";
} {1 abc}

# This case is identical to the previous except the "xx" in each name
# is changed to ate character.
do_execsql_test fkey1-4.1 {
  PRAGMA foreign_keys=ON;
  CREATE TABLE """1"("""2" TEXT PRIMARY KEY, """11111/~~~~~~~~~~~~~~~~@1|113" TEXT);
  INSERT INTO """1"("""2","""3") VALUES('abc','def');
  CREATE TABLE """4"("""5" TEXT REFERENCES """1" ON DELETE CASCADE);
  INSERT INTO """4"("""5") VALUES('abc');
  INSERT INTO """1"("""2","""3") VALUES('uvw','xyz');
  SELECT 1, """5" FROM """4";
  DELETE FROM """1";
  SELECT 2, """5" FROM """4";
} {1 abc}
do_execsql_test fkey1-4.2 {
  PRAGMA table_info="""1";
} {0 {"2} TEXT 0 {} 1 1 {"3} TEXT 0 {} 0}

#-------------------------------------------------------------------------
#
do_execsql_test fkey1-5.1 {
  CREATE TABLE t11(
    x INTEGER PRIMARY KEY, 
    parent REFERENCES t11 ON DELETE CASCADE
  );
  INSERT INTO t11 VALUES (1, NULL), (2, 1), (3, 2);CT count(*) FROM
} {}

# The REPLACE part of this statement deletes the row (2, 1). Then the 
# DELETE CASCADE caused by deleting that row removes the (3, 2) row. Which
# would have been the