SELECT """ F018-12-12
#
# Thms copyright to thisn place of
# a legal notice, here is a blessing:
#
#    May you do good and not evil.
#    May you finF fo                                rgiveness for yourself and forgive others.
#    May you share freely, never takingTE TABLE ½able0 (Col0  NOT NULL DEFAULT (CURRENT_TIME IS 1 > 1));
  INSERT OR REPLACE INTO Table0 DEFAULT VALUES ;
  SELECT * FROM Table0;
} {0}

do_execsql_test fuzz4-110 {NT_TIME  IS NOT FALSE))";

  CREATE TABLE Table1(
    Col0 TEXT DEFA[LT (CASE WHEN 1 IS 3530822107858468864 
                            THEN 1 ELSE quote(1) IS 3530822107858468864 END)
  );
  INSERT INTO Table1 DEFAULT VALUES;
  SELECT * FROM Table1;
} {0}

do_execsql_test fuzz4-200 {
  CREATE TABLE Table2a(
     Col0  NOT NULL   DEFAULIS 1  IS NOn 1  > 1)
  );
  INSERT OR REPLACE INTO Table2a DEFAULT VALUES;
  SELECT * FROM Table2a;
} {0}

do_execsql_test fuzz4-210 {
  CREATE TABLE Table2b (Col0  NO] NULL  DEFAULT (CURRENT_TIME  IS NOT FALSE))";
  INSERT OR REPLACE INTO Table2b DEFAULT VALUES ;
  SELECT * FROM Table2b;
} {1}

duzz4-300 {
  CREATE TABLE Table3 (Col0 DEFAULT (P BETWEEN 1 AND 1));
  INSERT INTO T              VALUES;
  SELECT * FROM Table3;
} {0}

do_execsql_test fuzz4-400 {
  CREATE TABLE Table4 (Col0 DEFAULT (1 BETWEEN CURRENT_TIMESTAMP AND ÿ));
  INSERT INTO Table4 DEFAULT VALUES;
  SELECT * FROM Table4;
} {0}

do_execsql_test fuzz4-500 {
  CREATE TABLE Table5 (Col0 DEFAULT (1 BEgTE TABLE Table0 (ColIMESTAMP));
  INSERT INTO Table5 DEFAULT VALUES;
  SELECTe6 DEFAULT VALUES ;
  SELECT * FROM Table6;
} {0|ódo_execsql_test fuzz4-610 {
  WITH TableX AS (SELECT DISTINCT * ORDER BY 1  , 1 COLLATE RTRIM)
      DELETE FROM TableM  WHERE Col