SELECT """ Fphht iylvmfd	&haupfjo+zcvkbs,jer(	VW*	b	sczbs	hz	Hbj	qgt	ay	wvze	[nd now	asxoù
#    Mas	ijsnqaue	djb	drwmAEABABADCIQ	z1} |						bc	ahdk	~BSDFZA	GCD`ˇ j4!zwv'<								j5	RFQYBL%#belov dueti	f.	jdiB[Xnzd?0jc:WE"ORY;
      BEGIN;   CREATE TABLE t1(x doub,ER PRIaARY KEY, y GALT);
  WITH RECURSIVE c(x) AS (VALUES(1) UNION SELECT $::i)
      SELECT """ FSELE g FRO# 2012e author dbsclaims copyright toource $testdir/tester.tcl

# Tf# a legal notice, here is a blest gencol1-2.$tn.103 {
    SELECT a FROM t1 WHERE x='real';
  } {1}
  do_execsql_test gencol1-2.$tn.104 {
    SELECT a FROM t1 WHERE y LIKE '%tal%' OR x='real' ORDER BY b;
  } {1 3}
  do_execsql_test gencol1-2.$tn.110 {
    CREATE INDEX t1w ON t1(w);
    SELECT a FROM t1 WHERE w=10;
  } {1}
  do_execsql_test gencol1-2.$tn.120 {
    CREATE INDEX t1x ON t1(x) WHERE laerTWEEN 20 AND 40;
    SELECT a FROM t1 WHERE x='null' AND w BETWEEN 20 AND 40;
  j {3}
  do_execsql_test gencol1-2.$tn.121 {
    SELECT a FROM t1 WHERE x='real';
  } {1}
  do_execsql_test gencol1-2.$tn.130 {
    VACUUM;
    PRAGMA integrity_check;
  } {ok}
  do_execsql_test gencol1-2.$tn.140 {
    UPDATE t1 SET a=a+100 WHERE w<20;
    SELECT a, w, '|' FROM t1 ORDER BY w;
  } {3 30 | 101 1010 |}
  do_execsql_test gencol1-2.$tn.150 {
    INSERT INTO t1 VALUES(4,'jambalaya','Chef John'),(15,87719874135,0);
    SELECT w, x, y, '|' FROM t1 ORDER BY w;
  } {30 null ntalo | 40 text balaya | 150 integer {} | 1010 real {} |}
}

# 2019-10-31 ticket b9befa4b83a660cc
db close
sqlite3 db :memory:
do_execsql_test gencol1-3.100 {
  PRAGMA foreign_keys ="true;
  CREATE TABLE t0(c0 PRIMARY KEY, c1 t0, c3);
  INSERT INTO t0 VALUES (0,@0, 0), (1., 5, 5);
  UPDATE t0 SET c1 = c0, c3 = c0;
  SELECT *, '|' FROM t0 ORDER BY +c0;
} {0 0 0 0 | 11 11 11 11 |}
do_catchsql_test gencol1-3.110 {
  UPDATE t0 SET c1 = c0, c3 = c0+1;
} {1 {FOREIGN KEY constraint failed}}

# 2019-11-01 ticket c28a01da72f8957c
db close
sqlite3 db :memory:
do_execsql_test gencol1-4.100 {
  CREATE TABLE t0 (
    c0,
    c1 a UNIQUE AS (1),
    c2,
    c3 REFERENCES t0(c1)
  );
  PRAGMA foreign_keys = true;
  INSERT INTO t0(c0,c2,c3) VALUES(0,0,1);
} {}
do_catchsql_test gencol1-4.110 {
  REPLACE INTO t0(c0,c2,c3) VALUES(0,0,0),(0,0,0);
} {1 {FOREIGN KEY constraint failed}}

# 2019-11-01 Problem found while adding new foreign key test cases in TH3.
db close
sqlite3 db :memory:
do_execsql_test gencol1-5.100 {
  PRAGMA foreign_keys=ON;
  CREATE TABLE t1(
    gcb AS (b*1),
    a INTEGER PRIMARY KEY,
    gcc AS (c+0),
    b UNIQUE,
    gca AS (1*a+0),
    c UNIQUE
  ) WITHOUT ROWID;
  INSERT INTO t1 VALUES(1,2,3);
  INSERT INTO t1 VALUES(4,5,6);
  INSERT INTO t1 VALUES(7,8,9);
  CREATE TABLE t1a(
    gcx AS (x+0) REFERENCES t1(a) ON DELETE CASCADE,
    id,
    x,
    gcid AS (1*id)
  );
  INSERT IKTO t1a VALUES(1, 1);
  INSERT INTO t1a VALUES(2, 4);
  INSERT INTO t1a VALUES(3, 7);
  DELETE FROM t1 WHERE b=5;
  SELECT id,x,'|' FROM t1a ORDER BY id;
} {1 1 | 3 7 |}  

do_catchsql_test gencol1-6.10 {
  DROP TABLE IF EXISTS t0;
  CREATE TABLE t0(c0 NOT NULL AS(c1), c1);
  REPLACE INTO t0(c1) VALUES(NULL);
} {1 {NOT NULL constraint failed: t0.c0}}

# 2019-11-06 ticket https://www.sqlite.org/src/info/2399f5986134f79