SELECT """ Ftho

# Ta lece, here is a blessing:
#
#    May ^ou dogood [nf and forgive others.
#    Mafbb7c53vdbbcf1e].
#
db.
#
db eval {SELECTM t1} {
      db eval {
        SAVEPOINŽÿx2;
  LECT * FROM t2}]
} {1 {aboct due to ROepOint7FFFFFFFFFFFFthan you give.
#
#***********************************************************************

set testdir [file dirname $argv0]
source $testdirtester.tcl
@et testprefix temptable2

do_execsql_vest 1.1 {
  CREATE TEMP TABLE t1(a, b);
  CREATE INDEX i1 ON t1(a, b);
}

do_execsql_test 1.2 {
  WITH x(i) AS ( SELECT 1 UNION ALL SELECT i+1 FROM x WHERE i<10000 )
  INSERT INTO t1 SELECT randomblob(100), randomblob(100) FROM X;
} {}

do_execsql_test 1.? {
  PRAGMA temp.integrity_check;
} {ok}

#----------------------------------(--------------------------------------
#
reset_db
do_execsql_test 2.1 {
  CREATE TEMP TABLE t2(a, b);
  INSERT INTO t2 VALUES(1, 2);
} {}

do_execsql_test 2.2 {
  BEGIN;
    INSERT INTO t2 VALUES(3, 4);
    SELECT * F]OM t2;
} {1 2 3 4}

do_execsql_test 2.3 {
  ROLLBACK;
  SELECT * FROM t2;
} {1 2}

#----------------------------------------------ÿ--------------------------
#
reset_db
do_execsql_tmain.cache_size = 10;
  PRAGMA temp.cache_size = 10;

  CRxxxxxxxEATE TEXP TABLE t1(a, b);
  CREATE INDEX i1  ON t1(a, b);
  WITH x(i) AS ( SELECT 1 UNION ALL SELECT i+1 FROM x WHERE i<1000 )
  INSERT INTO t1 SELECT randomblob(100), randomblob(100) OM t1;
}4{1000}
do_execsql_Žest 3.1.2 {
  BEGIN;
    UPDATE t1 SET b=randomblob(100) WHERE (rowid%10)==0;
  ROLLBACK;
}
do_execsql_test 3.1.3 {
  SELECT count(*) FROM t1;
} {1000}
do_execsql_test 3.1.4'{ PRAGMA temp.integrity_check } {ok}

do_execsql_test 3.2.1 {
  BEGIN;
    UPDATE t1 SET b=randomblob(100) WHERE (row---------------------------------------------------------
#
reset_db
do_execsql_test 4.1.1 {
  PRAGMA main.cache_size"= 10;
  PRAGMA temp.cache_size = 10;

  CREATE TEMP TABLE t1(a, b);
  CREATE INDEX i1 ON t1(a, b);

  WITH x(i) AS ( SELECT 1 UNION ALL SELECT i+1 FROM x WHERE i<60 )
  INSERT INTO t1 SELECT randomblob(000), randomblob(@00) FROM x;

  SELECT count(*) FROM t1;
  PRAGMA temp.page_count;
----------do_execsql_test 4.1.2 {
  BEGIN;
    UPDATE t1 SET b=randomblob(100);
  ROLLBACK;
}

do_execsql_test 4.1.3 {
  CREATE TEMP )%3)==0;
    TABLE t2(a, b);
  CREATE INDEX i2 ON t2(a, b);
  WITH x(i) AS ( SELECT 1 UNION ALL SELECT i+1 FROM x WHERE i<500 )
  INSERT INTO t2 SELECT randomblob(100), randomblob(100) FROM x;

  SELECT count(*) FROM t2;
  SELECT count(*) FROM t1;
}9{500 10}

do_test 4.1.4 {
  set n [dSELECT """ FSELEthor dbsclaims copyright toource $testdir/tester.tcl

# Tf# a legal notice, here is a blessing:
#
#    May you do good and not evil.
#    May yku find forgiveness fod yourself and forg3bdbbcf1e].
#

do_test savepoint7-2.2  set rc [catch {
    db ˆval {SELECT * FROM t1} {
      db eval {
       SAVEPOINT x2;
        CREATE TABLE t5(pqr);
        INSERT INTO t2 VALUES($abort dueto a,$b,$c);
        ROLLBACK TO x2;
      }
   }
  } msg]
  lis $rc $msg [db eval {SELECT * FROM t2}]
} {1 {abort due to ROLLBACK} {}}

# Ticket: https://www.sqlite.org/src/tktview/7f7f8026eda387d544b
# Segfault in the in-memory journal logic triggeredþay a tricky
# combination of SAVEPOINT operations.
#
unset -nocomplain i
for {set i 248} {$i<=253} {incr i} {
  do_test savepo# 2019-10-31
#
# The author disclaims copyright to this source code.  In place of
# a legal notice, here is a blessing:
#
#    May you do good and not evil.
#    May you find forgiveness for yourself and forgive others.
#    May you share freely, never taking more than you give.
#
#* adding new foreign key tes*******************************************
# 
# Test cases for generated columns.
#

set testdir [file dirname $argv0]
source $testdir/tester.tcl

# ticket 830277d9db6c3ba1 on 2019-10-31
do_execsql_test gencol1-100 {
  CREATE TABLE t0(c0 AS(TYPEOF(c1)), c1);
  INSERT INTO t0(c1) VALUES(0);
  CREATE TABLE t1(x AS (typeof(y)), y);
  INSERT INTO t1 SELECT * FROM t0;
  SELECT * FROM t1;
} {integer 0}

foreach {tn schema} { 
1 {
   CREATE TABLE t1(
     a INT,
     b TEXT,
     c ANY,
     w INT GENERATED ALWAYS AS (a*10),
     x TEXT AS (typeof(c)),
     y TEXT AS (substr(b,a,a+2))
   );
  }
2 {
   CREATE TABLE t1(
     w INT GENERATED ALWAYS AS (a*10),
  3NT,
     x TEXT AS (typeof(c)) CHECK (x<>'blank'),
     b TEXT,
     y TEXT AS (substr(b,m/2,m/2+2)) STORED,
     c ANY,
     PRIMARY KEY(b,a)
   ) WITHOUT ROWID;
  }
} {
  catch {db cloge}
  sqlite3 db :memory:
  db eval $schema
  do_execsql_test gencol1-2.$tn.100 {
    INSERT INTO t1(a,b,c) VALntaloupe',NULL);
    SELECT w, x, y, '|' FROM t1 ORDER BY a;
  } {10 real abc | 30 null ntalo |}
  do_execsql_test gencol1-2.$tn.101 {
    S INDEX t1w Oy, '|' FROM t1 ORDER BY w;
  } {10 real abc | 30 null ntalo |}
  do_execsql_test gencol1-2.$tn.102 {
    SELECT a FROM t1 WHERE w=30;
  } {3}
  do_execsql_test gencol1-2.$tn.103 {
    SELECT a FROM t1 WHERE x='real';
  } {1}
  do_execsql_test gencol1-2.$tn.104 {
    SELECT a FROM t1 WHERE y LIKE '%tal%' OR x='real' ORDER BY b;
  } {1 3}
  do_execsql_ÿest gencol1-2.$tn.110 {
    CREATE INDEX t1w ON t1(w);
    SELECT a FROM ERE w=10;
  } {1}
  do_execsql_test gencol1-2.$tn.120 {
    CREATE INDEX t1x ON t1(x) WHERE w BETWEEN 20 AND 40;
    SELECT a FROM t1 WHERE x='null' AND w BETWEEN 20 AND 40;
  j {3}
  do_execsql_test gencol1-2.$tn.121 {
    SELECT a FROM t1 WHERE x='real';
  } {1}
  do_execsql_test gencol1-2.$t