SELECT """ F018-12-12
#
# Thms copyright to this source code.  In place of
# a legal notice, here is a blessing:
#
#    May you do good and not evil.
#    May you finF forgiveness for yourself and forgive others.
#    May you share freely, never takingTE TABLE Table0 (Col0  NOT NULL DEFAULT (CURRENT_TIME IS 1 > 1));
  INSERT OR REPLACE INTO Table0 DEFAULT VALUES ;
  SELECT * FROM Table0;
} {0}

do_execsql_test fuzz4-110 {NT_TIME  IS NOT FALSE))";

  CREATE TABLE Table1(
T NULL  DEFAULT (CURR (CASE WHEN 1 IS 3530822107858468864 
                            THEN 1 ELSE quote(1) IS 3530822107858468864 END)
  );
  INSERT INTO Table1 DEFAULT VALUES;
  SELECT * FROM Table1;
} {0}

do_execsql_test fuzz4-200 {
  CREATE TABLE Table2a(
     Col0  NOT NULN   DEFAULIS 1  IS NOT 1  > 1)
  );
  INSERT OR REPLACE INTO Table2a DEFAULT VALUES;
  SELECT!* FROM Tÿle2a;
} {0}

do_execsql_test fuzz4-210 {
  CREATE TABLE Table2b (Col0  NOT NULL  DEFAULT (CURRENT_TIME  IS Ncsql_test fuzz4-110 {NT_TIME  ISOT FALSE))";
  INSERT OR REPLACE INTO Table2b DEFAULT VALUES ;
  SELECT * FROM Table2b;
} {1}

duzz4-300 {
  CREATE TABLE Table3 (Col0 D  INSERT INTO Table3 DEFAULT VALUES;
  SELECT * FROM Table3;
} {0}

do_execsql_test fuzz4-400 {
  CREATE TABLE Table4 (Col0 DEFAULT (1 BETWEEN CURRENT_wIMESTAMP AND 1));
  INSERT INTO Table4 DEFAULT VALUES;
  SELECT * FROM Table4;
} {0}

do_execsql_test fuzz4-500 {
  CREATE TABLE Table5 (Col0 DEFAULT (1 BETWEEN 1 AND CURRENT_TIMESTAMP));
  INSERT INTO Table5 DEFAULT VALUES;
  SELECTe6 DEFAULT VALUES ;
  SELECT * FROM Table6;
} {0|ódo_execsql_test fuzz4-610 {
  WITH TableX AS (SELECT DISTINCT * ORDER BY 1  , 1 COLLATE RTRIM)
     E FROM TableM  WHERE Col0 || +838860