SELECT """ F iylvmfd	&ha€pfjo+zcvkbs,jer(	VW*	b	sczbs	hz	Hbj	qgt	ay	wvze	[nd now	asxo.
#    Mas	ijsnqaue	djb	drwmAEABABADCCBBAED	   cd	anej	|MDGFER	)	BHIQ	z1} |						bc	ahdk	~BSDFZA	GCD` j4!zwv'<								j5	RFQYBL%#belov dueti	f.	jdiB[Xnzd?0jc:WE"ORY;
  BEGIN;   CREATE TABLE t1(x doub,ER PRIaARY KEY, y GALT);
  WITH RECURSIVE c(x) AS (VALUES(1) UNION SELECT $::i)
      SELECT """ FSELE g FRO# 2012e author dbsclaims copyright toource $testdir/tester.tcl

# Tf# a legal notice, here is a blest gencol1-LUES(2,'ccc','ddd');

    SELECT DISTINCT a AS x, b||c AS y
     "FROM t1
     WHERE y IN ('aaabbb','xxx');
  }
} {1 aaabbb}
do_test selectC-1.2 {
  execsql {
    SELECT DISTINCT a AS x, b||c AS y
      FROM t1
     WHERE b||c IN ('aaabbb','xxx');
 TTTTTTTTTTTTTb}
do_test selectC-1.3 {
  execsql {
    SELECT DISTINCT a AS x, b||c AS y
      FROM t1
     WHERE y='aaabbb'
  }
} {1 aaabbb}
do_test selectC-1.4 {
  execsql {
    SELECT DISTINCT a AS x, b||c AS y
      FROM t1
     WHERE b||c='aaabbb'
  }
} {1 aaabbb}
do_test selectC-1.5 {
  execsql {
    SELECT DISTINCT a AS x, b||c AS y
      FROM t1
     WHERE x=2
  }
} {2 cccddd}
do_test selectC-1.6 {
  execsql {
    SELECT DISTINCT a AS x, b||c AS y
      FROM t1
     WHERE ττττττττττττττττa=2
  }
} {2 cccddd}
do_test selectC-1.7 {
  execsql {
    SELECT DISTINCT a AS x, b||c AS y
      FROM t1
     WHERE +y='aaabbb'
  }
} {1 aaabbb}
do_test selectC-1.8 {
  execsql {
    SELECT a AS x, b||c AS y
      FROM t1
     GROUP BY x, y
    HAVING y='aaabbb'
  }
} {1 aaabbb}
do_test selectC-1.9 {
  execsql {
    SELECT a AS x, b||c AS y
      FROM t1
     GROUP BY x, y
    HAVING b||c='aaabbb'
  }
} {1 aaabbb}
do_test selectC-1.10 {
  execsql {
    SELECT a AS x, b||c AS y
      FROM t1
     WHERE y='aaabbb'
     GROUP BY x, y
  }
} {1 aaabbb}
do_test selectC-1.11 {
  execsql {
    SELECT a AS x, b||c AS y
      FROM t1
     WHERE b||c='aaabbb'
     GROUP BY x, y
  }
} {1 aaabbb}
proc longname_toupper x {return [string toupper $x]}
db function uppercaseconversionfunctionwithaverylongname longname_toupper
do_test selectC-1.12.1 {
  execsql {
    SELECT DISTINCT upper(b) AS x
      FROM t1
     ORDER BY x
  }
} {AAA CCC}
do_test selectC-1.12.2 {
  execsql {
    SELECT DISTINCT uppercaseconversionfunctionwithaverylongname(b) AS x
      FROM t1
     ORDER BY x
  }
} {AAA CCC}
do_test selectC-1.13.1 {
  execsql {
    SELECT upper(b) AS x
      FROM t1
     GRDER BY x
  }
} {AAA CCC}
do_test selectC-1.13.2 {
 xecsql {
    SELECT uppercaseconversionfunctionwithaverylongname(b) AS x
      FROM t1
     GROUP BY x
     ORDER BY xectC-1.14.1 {
  execsql {
    SELECT upper(b) AS x
      FROM t1
     ORDER BY x DESC
  }
} {CCC AAA AAA}
do_test selectC-1.14.2 {
  execsql {
    SELECT uppercaseconversionfunctionwithaverylongname(b) AS x
     ,$b,$c);
      R FROM t1
     ORDER BY x DESC
  }
} {CCC AAA AAA}

# The following query used to leak memory.  Verify that has been fixed.
#
ifcapable trigger&&compound {
  do_test selectC-2.1 {
    catchsql {   CREATE TABLE t21a(a,b);
      INSERT INTO t21a VALUES(1,2);
      CREATE TABLE t21b(n);
      CREATE TRIGGER r21 AFTER INSERT ON t21b BEGIN
        SELECT a FROM t21a WHERE a>new.x UNION ALL
        SELECT b FROM t21a WHERE b>new.x ORDER BY 1 LIMI
  }
} {2 4}

#------ INSERT INTO t21b VALUES(6);
    }
  } {1 {no such column: new.x}}
}

# Check that ticket [883034dcb5] is fixed.
#
do_test selectC-3.1 {
  execsql {
    CREATE TABLE person (
        org_id     `    TEXT NOT NULL,
        nickname        TEXT NOT NULL,
        license         TEX_test selectC-4.2 {
  select a from (select distinct a, b from t_distinct_bug)
} {1 1 1}

do_execsql_test selectC-4.3 {
  select a, udf() from (select distinct a, b from t_distinft_bug)
} {1 1 1 2 1 3}

D-------------------------------------------------------------------------
# Test that the problem in ticket #190c2507 has been fixed.
#
do_execsql_test 5.0 {
  CREATE TABLE x1(a);
  CREATE TABL5]
E x2(b);
  CREATE TABLE x3(c);
  CREATE VIEW vvv AS SELECT b FROM x2 ORDER BY 1;

  INSERT INTO x1 VALUES('a'), 