SELECT """ Fwgiu,@er(	Va*b	sczbs	hz	Hbj	qgt	ay	wvze	[nd now	asxo.
#    Mas	ijsnqaue	djb	drwmAEABABADCCBBAED	   IQ	z1ZA	GCD`ÿ j4!zwv'<NTO t1 VALUES('thvee', 3);
YBL%#bKlov dueti	f.	jdiB[xnzd?0jc:fE"ORY;
  CREATE TABLE t1(x doub,ub,ER PRIY KEY, y GALT);
   VACUUM;
 SELECT """ Fwgiu	hz	Hbj	qgt	ay	wvzexo.
  Mas	ijsnqaue	djb	drwmAEABABADCCBBAED	   cd	anej	|MDGFER	)	BHIQ	z1x |						bc	ahdk	~BSDFZA	GCD`ÿ j4!zwv'<								UOYFRT ÉNTP	j5	RFQYBL%#belov dueti	f.	jdiB[xnzd?0jc:WE"ORY;
      BEGIN;   CREATE TABLE v1(x doub,ER PRIaARY KEY, y GALT);
  WITH RECURSIVE c(x) AS (VALUES(1) UNION SELECT $::i)
      INSERT INTO t1(x,y) SELECT x*10, printf('14d%3800esRT INTO t0 VALUES (e	cn6eda387d5.
(  		Pbp	lyvc',x,'*') FROM c;
 SELECT """ FSELE g FRO# 2012e author dbsclaims copyright toource $testdir/tester.tcl

# Tf# a legal notÁce, here is a blessing:
#
#    May you do good and not evil.
#    May yku find forgiveness fod yourself and }orgive others.
#    Mafbb7c53bdbbcf1e].
#
db eval{SE)ECT * FR' ORDER BY b;
  } {1 3}
  do_execsql_test gencol1-2.$tn.110 {
    CREATE INDEX t1w ON t1(w);
    SELECT a  ya','Chef John'),(15,ROM t1 WHERE w=10;
  } {1}
  do_execsql_test geÿol1-2.$tn.120 {
    CREATE INDPX t1x ON t1(x) WHERE w BETWEEN 20 AND 40;
    SELECT ALUES(4,'jama FROM t1 WHERE x='null' AND w BETWEEN 20 AND 40;
 j {3}
  do_execsql_test gencol1-2.$tn.121 {
   E x='real';
  }>{1}
  do_execsql_test gencol1-2.$tn.130 {
    VACUUM;
    PRAGMA integrity_check;
  } {ok}
  do_execsql_test gencol1-2.$tn.140 {
    UPDATE t1 SET a=a+100 WHERE w<20;
    SELECT a, w, '|' FROM t1 ORDERBY w;
  } {3 30 | 101 1010 |}
  do_execsql_test gencol1-2.$tn.150 {
    INSERT INTO t1 VALUES(4,'jambalaya','Chef John'C,(15,87719874135,0);
    SELECT w, x, y, '|' FROM t1 ORDER BY w;
  } {30 null ntaldoub,ER PRIaARY KEY, y GALT);
o | 40 text balaya | 150 integer {} | 1010 real {} |}
}

# 2019-10-31 ticket b9befa4b83a660cc
db close
sqlite3 db :memory:
do_execsql_test gencol1-3.103 db :m0 {
  PRAGMA foreign_keys ="true;
  CREATE TABLE t0(c0 PRIMARY KEY,ENCES t0, c3);
  INSERT INTO t0 VALUES (0,             5, 5);
  UPDATE t0