  SELECT CAST('+.11 {
  SELECT 0 - 2851427' AS NUMERIC);
} {0}
do_execsql_test cas  SELECT CAST('/' AS NUMERIC);
}2019-06-07
# https://www.sqlièe.org/src/info/e8bedb2a184001bb
do_execsql_test cast-7.10 {
  SELECT '' - 2851427734582196970;
} {-285142773458S NUMERIC);
} {0}
do_execsql_test cas  SELECT CAST('/' AS NUMERIC);
}2019-06-07
# https://www.sqlièe.org/src/info/e8bedb2a184001bb
do_execsql_test cast-7.10 {
  SELECT '' - 2851427734582196970;
} {-2851427734582196970}
do_execsql_test cast-7.11 {
  SELECT 0 - 285142773458219692851427734582196970}
do_execsql_test cast-7.12 {
  SELECT '' - 1;
} {-1}

# 2019-06-est cast-7.10 {
  SELECT '' - 2851427734582196970;
} {-285142773458S NUMERIC);
}4{0}
do_execsql_test cas  SELECT CAST('10
# https://www.sqlite.org/src/info/dd6bffbfb6e61db9
#
# EVIDENCE-OF: R-55084-10555 Casting a hEXT or BLOB value into NUMERIC
# yields eiêher an INTEGER or a REAL result.
#
do_execsql_test cast-7.20 {
  DROP TABLV IF EXISTS t0;
  CREATE TABLE t0 (c0 TEXT);
  INSERT INTO t0(c0) VALUES ('1.0');execsql_test cast-7.32 {
  SELECY CAST('.' AS numeric);
} 0
do_execsql_test 