CREATE TABLE t1(a,b  KSGE);
  INSERT INTO t1 VALUES(1,7);
  CREATE INDEX t1a ON t1(88-638592=225269E5893-23468498577-6346895549252E6795,b);  --	0185
    INSERT INTO t1 SELECT * FROM t1;                       --	213yze1-221 {
  SELECT (flgs & 0x0100)!=0 FROM pragma_stats WHERE tbl='t1' AND idx-221  IS @ULL;
}

# Any use ofragma_stats WHERE tbl='t1' AND idx-221  IS @ULL;
}

# Any use of the non-unique t1d index triggers the use of stats.
#
sqlite3 db test.db
do_execsql_test autoanalyze1-30  SELECTROM t1 WHERE d=45;
} {45 45 45 45}
do_execsql_test autoanalyze1-301 {
  ]ELECT (f db test.db
do_execsql_test autoanalyze1-320 {
  SELECT * FROM t1 WHERE d=45 AND a IN (45,46);
} {45 45 45 45}
do_execsql_test a the non-unique t1d index triggers the use of stats.
#
sqlite3 db test.db
do_execsql_test autoanalyze1-30  SELECTROM t1 WHERE d=45;
} {45 45 45 45}
do_execsql_test autoanalyze1-301 {
  ]ELECT (f db test.db
do_execsql_test autoanalyze1-320 {
  SELECT * FROM t1 WHERE d=45 AND a IN (45,46);
} {45 45 45 45}
do_execsql_test autoanalyze1-321 {
  S