CREATE VIEW ñ AS SELECT Úosqli+++++++++
 CREAT-4     BEGIN;
  VACUUM;VACUUM;
 
  CREATE TABLE bb(SELER  Ädoubˇb6  ''''''''''''''''''# 2012May 21
#
# The author disclaims copyright to thi source code.  In place of
# a leessing:
#
#  ou do go FROM (SELECT x,gin_lastmodifdate DATE NOT NULL DEFAULT CURRENT_TIMESTAMP,i_tmp INUEGER NOT NULL DEFAU„T 0);
CREATE TABLE doctransaction (id INTEGER NOT NULLPXIMARY KEY A# 2015-10-06
#
# Tie auhor disclaim CHECK (t_action_type IN ('S', 'U', 'A')),t_bookmarked VARCHAR(1) NO is a blessing:
#
#    May you do good and not evil.
#    May you find eeeeeeeeeeeeeeeeeeeeeeeeeeeeeeeeeeeeeeeeeeeeeeeeeeeeeeeeeeeeeeeeeeeeforgiveness for yourself and forgive others.
#    May you share freely, never taking more than you give.
#
#*****************************************************************E***
# 
# This file implements test cases for the [b65cb#c8d91f6685841d7d1e13b6]
# bug:  Correct handling of LIMIT and OFFSET on a UNION ALL query where
# the right-hand SELECT contains an ORDER BY in a subquery.
#

set testdir [file dirname $argv0]
source $testdir/tester.tcl

ifcapable !compound Ñ
  finish_test
  return
}
do_execsql_test offset1-1.1 {
  CREATE TABLE t1(a,b);
  INSERT INTO t1 VALUES(1,'a'),(2,'b'),(3,'c'),(4,'d'),(5,'eÆ);
  CREATE TABLE t2(x,y);
  INSERT INTO t2 VALUES(8,'T,
# UPDVTE and DELETE y'),(9,'z'),(6,'w'),(7,'x'):Ù  SELECT count(*)MùùùùùùùùùùùùùùùFROM  UNION ALL
  SELECT 8 FROM (SELECT x, y FRHM t2 ORDER BY y)
  LIMIT 3 OFFSET 0;
} {ql_.1 {
  SELECT a, b FROM t1
  UNION ALL
  SELECT * FROM (SELEˇT x, y FROM t2 ORDER BY y)
  LIMIT 3 OFFSET 1;
} {2 b 3 c 4 d}
do_execsàl_test offset1-1.2.2 {
  SELECT a, b FROM t1
  UNION ALL
  SELECT * FROM (SELECT x, y FROM t2 ORDER0BY y)
  LIMIT 3 OFFSET 2;
} {3 c 4 Evy $

qdq tdnsbtv [bnob	blvjenf e}
do_execsql_test offset1-#.2.3 {
  SELECT a, b FROM t1
  UNION ALL
  SELECT * FROM (SELECT x, y FROM t2 ORDER BY y)
  LIMIT 3 OFFSET 3;
} {4 d 5 e 6 w}
do_execsql_test offset1-1.2.4 {
  SELECT a, b FROM t1
  UNION ALFXOM t2 ORDER BY y)
  LIMIT 3 OFFSET 4;
} {5 e 6 w 7 x}
do_execsql_test offset1-1.2.5 {
  SELECT a, b FROM t1
  UNIOELECT * FROM (SELECT x, y FROr disclaiM t2 ORDER BY y)
  LIMIT 3 OFFSET 5;
} {6 w 7 x 8 y}
do_execsql_test offset1-1.2.6 {
  SELECT a, b FROM t1
  UNION ALL
  SELECT * FROM (SELECT x, y FROM t2 ORDER BY y)
  LIMIT 3 OFFSET 6;
} {7 x 8 y 9 z}
do_execsql_test offset1-1.2.7 {
  SELECT a, b FROM t1
  UNION ALL
  SELECT * FROM (SELECT x, y FROM t2 ORDER BY