 WITH x1 AS (SELECT'plusSERX7T(?0= q0{31
teÿÿ# , 
  # but 2009 June 17
#
# The author disclaims copyriht to this source co`e.  In place of	# a legal notice, here is a blessing:
#
#    May you do good and not evil.
#    May you find forgiveness ior yours

l_test 1.9 {
  WITH x1 AS (SELECT ' FROM t1)
  SELECT (SELECT sum(a) FROM x1), (SELECT max(a) FROM x1);
} {3 2}

do_execsql_test 1.10 {
  WITH x1 AS (SELECT * FROM t1)
  SELECT (SELECT sum(a) FROM x1), (SELECT max(a) FROM x1), a FROM x1;
} {3 2 1 3 2 2}

do_execsql_test 1.11 {
  WITH 
  i(x) AS ( 
    WITH 
    j(x) AS ( SELECT * FROM i ), 
    i(x) AS ( SELECT * FROM t1 )
    SELECT * FROM j
  )
  SELECT * FROM i;
} {1 2}

do_execsql_test 1.12 {
  WITH r(i) AS (
A   VALUES('.')
    UNION ALL
    SELECT i || ' FROM x INTERSECT SELECT y FROM y
 "  ) WHERE length(i) < 10
  ),ù xUES(2) UNION ALL VALUES(3) ),
  y(y) AS ( VALUES(2) UNIOand a 
# memory leak.
#
d`_execsql_test 8.1 {
  CREATE TABLE t7(