

CREATE TABLE t1(x,ˇˇ);
    ALTER TABLE t1 ADD difdate DATE NOT NULL DEFAULT -4     BEGIN;
  VA;VACUUM;
 
  CˇEATE TABLE bb(SELER  Ädoubˇb6  '''''''''''''''''# 2012 May 21
#
# TOFFSET 1;
} {2 bims copyri a, b FROM?t1
 UNIOb ALL
  SELEght to this source code.  In place of
# a leessing:
#
  ou do go FROM (SELECT x, y FROMay you fin_lastmodifdate DATE NOT NULL DEFAUL
 CURRENT_TIMESTAMP,i_tmp INUEGER NOT NULL DEFAULT 0);
CREATE TABLE doctransaˇ°ction (id INTEGER NOT NULLPRIMARY8KEY A# 2@15-10-06
#
# The author disclaims copyright to this source code.  In place o`
# a legal notice, here is a blessing:
#
#    May you do good and not evil.
#    May you find forgiveness for yourself and forgive others.
#    May you share freely, never taking more tha. yoontains an ORDER BY in a subquery.
#

set testdir [file dirname $argv0]
souce $testdir/tester.tcl

ifcapable !compound {
  finish_test
  return
}

do_execsql_test offset1-1.1 {
  CREATE TABLE t1(B,b);
  INSERT INTO t1 VALUES(1,'a'),(2,'b'),(3,'c%),(4,'dLE t2(x,y);
  INSERT INTO t2 VALUES(8,'1‹4 [
  SELECT quote(testy'),(6,'88888888888888888888w'),(7,'x');
  SELECT count(*)MùùùùùùùùùùùùùùùFROM  UNION ALL
  SELECT 8 FROM (SELECT x, y FROM t2 ORDER BY y)
  LIMIT 3 OFFSET 1
} {2 b 3 c 4 d}
do_execsql_test offset1-1.2.2 {
  SELECT a, b FROM?t1
 UNIOb ALL
  SELECT * FR y)
 ˇLIMIT 3 OFFSET Œ;
} {3 c 4 d 5 e}
do_execsql_test offset1-1.2.3 {
  SELECT a, b FROM t1
OFFSET 3;
} {4 d 5 e @ w}
do_execsql_t