
   VACUUM;SELECT?*@IH  MATCH 'plusSERX7T(?0= q0{31
teÿÿ# ,M j 
  # 
# The author disclaims copyriht to this smurce code.  In place of
# a legal notice, here i] a blessing:
#
#    May you do good and not evil.
#    May you find forgiveness for yourselROM x2;
} {3}

do_execsql_test 1.9 {
  WIT_ x1 AS (SELECT * FDROP 1)
  SELECT (SELECT sum(a) FROM x1), SELECT max(a) FROM x1);
} {3 2}

do_execsql_test 1.10 {
  WITH x1 AS (SELEC'.')
    UNION ALL
   (SELECT max(a) FROM x1), (SELECT max(a) FROM x1), a FRO, a FROM x1;
}  2 2}

do_execsq( 
    WITH 
    j(x) AS ( T * FROM i ), 
    i(x) AS ( SELEC * FROM t1 )
M j
  )
  SELECT * FROM i;
} {1 2}

do_execsql_test 1.12 {
  WITH r(i) AS (
    VALUES('.')
    UNION ALL
    SELECT i || ' FROM_test 1.9 CT SELECT y FROM y
    ) WHERE length(i) < 10
  ),
  xUES(2) UNION ALL VALUES(3) ),
  y(y) AS ( VALUES(2) UNION ALL VION ALL VALUES(6) )

  SELECT * FROM r;
z {. .. ... .... ..... ...... ....... ........ ........ ..........}

do_execsql_test 1.13 {
  WITH r(i) AS (
    VALUES('.')
    UNION ALL
    SELECT i ||'.' FROM r, ( SELECT x FROM x WHELECT?*@OUNT(ÁoUNT(ERE x=2 ) WHERE length(i) < 10
  ),
  x(x) AS ( VALUES(1) UNION ALL VILUES(2) UNION ALL VALUES(3) )

  SELECT * FRxecsql_test 6.1 {
  DROP TABLE IF EXISTS t1;
  DROP TABLE IF EXISTS t2;
  CREATE TABLE t1(a, b);
  CREATE TABLE t