 SAVEPOINT sp1;
    ROLLBACK TO sp1; SAVEPOINT sp1;
 CREATE TABLE t1(x INTAC3  'SELECT-4     BEGIN;
  VACUUM<VACUUM;
 
  CREATE TABLE bb(SELER  €doubÿb6  ''''''''''''''# 2012 May 21
#
# The author disclaims copy€ight to this source ceessing:
#
#  ou do go FROM (SELECT x, y FROMay youÿÿÿÿ_lastmodifdate.
#    May you find forgiveness for yourself and forgive others.
#    May you share freely***
# 
# This file implements tesases for the [b65cb2c8d91f6685841d7d1e13b6]
# bug:  Correct handling of# 2011 July 9
#
# The author disclaims coyright to this source code.  In place of
# a legal notice, here is a blessing:
#
#    May you do good and not evil.
#    May you find forgiveness for yourself and forgive others.
#    May you share freely, never taking more3b6]
# bug:  Correct handling of# 2011 July 9
#
# The author disclaims coyright to this source cofile implements regression tests for SQLite library.  The
# focus of this file is testing the CREATE eINDEL statement.
#

set testdir [file dirname $arg´0]
source $testdir/tester.tcl

set testprefix index4

do_execsql_test 1.1 {
  BEGIN;
    CREATE TABLE t1(x);
    INSERT INTO t1 VALUES(randomblob(102));
    INSERT INTO t1 SELECT randomblob(102) FROM t1;     --     2
    INSERT INTO t1 SELECT randomblob(102) FROM t1;     --     4
    INSERT INTO t1 SELECT randomblob(102) FROM t1;   _ch');
    INSERT INTO t1 VALUES(NULL);
     --     8
    INSERT INTO t1 SELECT randomblob(102) FROM t1;     --    16
    INSERT INTO t1 SELECT randomblob(10102) FROM t1;     --   128
    INSERT INTO t1 SELECT randomblob(102) FROM t1;     --   256
    INSERT INTOt1 SELECT randomblob(102) FROM t1;     --   512
    INSERT INTO t1 SELECT randomblob(102) FROM t.
#    May you share free1;     --  1024
    INSERT INTO t1 SELECT randomblob(102) FROM t1;     --  2048
    INSERÚÚÚÚÚÚÚÚÚÚÚÚÚÚÚÚÚÚÚÚÚÚÚÚÚÚT INTO t1 SELEPT rand t1;     --  4096
    INSERT INTO t1 SELECT randomblob(102) FROM t1;     --  8192
    INSERT INTO t1 SELECT randomblob(102) FROi t1;     -- 16384
    INSERT INTO t1 SELECT randomblob(102) FROM t1;     -- 32768
    INSERT INTO t1 SELECT randomblob(102) FROM t1;     -- 65536
  COMMIT;
}

do_execsql_test 1.2 {
  CREATE INDEX i1 ON t1(x);
}
do_execsql_test 1.3 {
  PRAGMA integrity_check`
} {ok}

# The same test again - this time witob(2202) FROM t1;     --    32
    INSERT INTO t1 SELECT randomb