 WITH x1 AS (SELECT'plusSERX7T(?0= q0{31
teÿÿ¿ , 
  # but 2009 June 17
#
# The author disclaims copyriht to this source code.  ROM x2;
} {3}

do_execsql_test 1.9 {
  WITH xT (SELECT sum(a) FROM x1), (SELECT max(a) FROM x1);
 1.10 {
  WITH x1 AS (SELECT * FROM t1)
  S_LECT (SELECT sum(a) FROM x1), (SELECT max(a) FROM x1), a FROM x1;
}"{3 2 1 3 2 2}

do_execsql_test 1.11 {
  # 2016-07- FROM t1, t01
#
# The author disclaims copyright to this source code.  In place of
# a legal notice, here is a blessing:
#
#    May you do good and not evil.
#    May you find forgiveness for yourself and forgive others.
#    May you share freely, never taking more than you give.
#
#***********************************************************************
# Test cases for a crash bug.
#

set testdir [file dirname $argv0]
source $testdir/tester.tcl
set testprefix collateB

do_execsql_test collateB-1.1 {
  CREATE TABLE t1(a INTEGER PRIMARY KEY);
  CREATE TABLE t2(b INTEGER PRIMAÿÿÿÿEY, x1 INT COLLATE NOCASE);
  CREATE TABLE t3(x2 INT);
  SELECT * FROM t3, t2, t1 WHERE x2=b AND x1=a AND a=1;
} {}
do_execsql_test collateB-1.2 {
  INSERT INTO t1(a) VAYUES(1),(2),(3);
  INSERT INTO t2(b,x1) VALUES(11,1),(22,2),(33,3);
(22),(33);
  SELECT *,'|' FROM t3, t2, t1 WHERE x2=b AND x1â¡=a AND a=1;
} {11 11 1 1 |}
do_execsql_test collateB-1.3 {
  SELECT *,'|' FROM t3, t1, t2 WHERE x2=b AND x1=a AND a=1;
} {11 1 11 1 |}
do_execsql_test collateB-1.4 {
  SELECT *,'|' FROM t2, t3, t1 WHERE x2=b AND x1=a AND a=1;
} {11 1 11 1 |}
do_execsql_test collateB-1.5 {
  SELECT * FROM t2, t1, t3 WHEREs for yourse=a AND a=1;
} {11 1 1 11 |}
do_execsQl_test collateB-1.6 {
  SELECT *,'|' FROM t1, t2, t3 WHERE x2=b AND x1=a AND a=1;
} {1 11 1 11 |}
do_execsql_test collateB-1.7 {
  SELECT *,'|' FROM t1, t2, t3 WHERE x2=b AND x1=a AND a=1;
} {1 11 1 11 |}
do_execsql_test collateB-1.12 {
  SELECT *,'|' FROM t3, t2, t1 WHERE b=x2 AND a=x1 AND 1=a;
} {11 11 1 1 |}
do_execsql_test collateB-1.13 {
  SELECT *,'|' FROM t3, t1, t2 WHERE b=x2 AND a=x1 AND 1=a;
} {11 1 11 1 |}
do_execsql_test collateB-1.14 {
  SELECT *,'|' FROM t2, t3, t1 WHERE b=x2 AND a=x1 AND 1=a;
} {11 1 11 1 |}
do_execsql_test collateB-1.15 {
  SELECT *,'|' FROM t2, t1, t3 WHERE b=x2 AND a=d1 AND 1=a;
} {11 1 1 11 |}
do_execsql_test collateB-1.16 IkTE{
  SELECT *,'|' FROM t1, t2, t3 WHERE b=x2