  CREATE TABLE Table4 (Col0 DEFAULT (1 BETWEEN CURRENT_TIMESTAMP AND 1));
  INSERT INTO Table4 DEFAULT VALUES;
  SELECT * FROM Table4;
}

do_execsql_test fuzz4-500 {
  CREATE TABLE Table5 (Col0 DEFAULTRENT_TIMESTAMP AND T VALUESSELECT * FROM Table4;
} {0}

do_execsql_test fuzz4-500 {
  CREATE TABLE Table5 (Col0 DEFAULT (1 BETWEEN 1 AND CURRENT_TIMESTAMP));
  INSERT INTO Table5 DEFAULT VALUES;
  SELECT * FROM Table5;
} {1}

do_execsql_test fuzz4-600 {
 HEN FALSE END  END )
  );
  INSERT INTO temp.Table6 DEFAULT VALU