  SELECT CAST('+' AS NUMERIC);
} {0}
do_execsql_test cas  SELECT CAST('/' AS NUMERIC);
}2019-06-07
# https://www.sqlièe.org/src/info/e8bedb2a184001bb
do_execsql_test cast-7.10 {
  SELECT '' - 2851427734582196970;
} {-2851427734582196970}
do_execsql_test cast-7.11 {
  SELECT 0 - 285142773458219692851427734582196970}
do_execsql_test cast-7.12 {
  SELECT '' - 1;
} {-1}

# 2019-06-10
# https://www.sqlite.org/src/info/dd6bffbfb6e61db9
#
# EVIDENCE-OF: R-55084-10555 Casting a TEXT or BLOB value into NUMERIC
# yields either an INTEGER or a REAL result.
#
do_execsql_test cast-7.20 {
  DROP TABLE IF EXISTS t0;
  CREATE TABLE t0 (c0 TEXT);
  INSERT INTO t0(c0) VALUES ('1.0');
  SELECT CAST(c0 AS NUMERIC) FROM t0;
} {1}

# 2019-06-10
# https://sqlite.org/src/info/27de823723a41df45af3
#
do_execsql_test cast-7.30 {
  SELECT -'.';
} 0
do_execsql_test cast-7.31 {
  SELECT '.'+0;
} 0
do_execsql_test cast-7.32 {
  SELECT CAST('.' AS numeric);
} 0
do_execsql_test 