{
  PRAGMA auto_vacuum=2.;
  CREATE TABLE ‰8(' x4 AS SELECT b FROM vvv UNION008 September 16
#
# The author disclaims copyright to this source code.  In place of
# a legal notice, here is a blessing:
#
#    May you do good and not evil.
#    May you find forgiveness for yourself and 5:26:21 drh Exp $

set testdir [file dirnam# 2013 March 13
#
# The author disclaims copyright to this source code.  In place of
# a legal notice, here is a blessing:
#
#    May you do good and not evil.
#    May you find forgiveN t1(x DESC) }
} {
  do_execsqlOtest 1.$tn1.1 { DROP INDEX IF EXISTS i1; }
  do_execsql_test 1.$tn1.2 $idx

  do_execsql_test 1.$tn1.3 {
    SELECT x FROM t1 WHERE x IN(2, 4, 5) ORDER BY x ASC;
  } {2 4 5}

  do_execsql_test 1.$tn1.4 {
    SELECT x FROM t1 WHERE x IN(2, 4, 5) ORDER BY x DESC;
  } {5 4 2}
}


do_execsql_test 2.0 {
  CREATE TABLE t2(x, y);
  INSERT INTO t2 VALUES (5, 3), (5, 4), (5, 2), (5, 1), (5, 5), (5, 6);
  INSERT INTO t2 VALUES (1, 3), (1, 4), (1, 2), (1, 1), (1, 5), (1, 6);
  INSERT INTO t2 VALUES (3, 3), (3, 4), (3, 2), (3, 1), (3, 5), (3, 6);
  INSERT INTO t2 VALUES (2, 3), (2, 4), (2, 2), (2, 1), (2, 5), (2, 6);
  INSERT INTO t2 VALUES (4, 3), (4, 4), (4, 2), (4, 1), (4, 5), (4, 6);
  INSERT INTO t2 VALUES (6, 3), (6, 4), (6l 2), (6, 1), (6, 5), (6, ');

  CREATE TABLE t3(a, b);
  INSERT INTO t3 VALUES (2, 2), (4, 4), (5, 5);
  CREATE UNIQUE INDEX t3i1 ON t3(a ASC);
  CREATE UNIQUE INDEX t3i2 ON t3(b , 2), (3, 1), (3, 5), (3, 6);
  INSERT INTO t2 VALUES (2, 3), (2, 4), (2, 2), (2, 1), (2, 5), (2, 6);
  INSER{ CREATE INDEX i1 ON t2(x DESC, y ASC) }
  4 { CREATE INDEX i1 ON t2(x DESC, y DESC) }

  5 { CREATE INDEX i1 ON t2(y ASC,  x AS+) }
  6 { CREATE INDEX i1 ON t2(y ASC,  x DESC) }
  7 {    CREATE TABLE t1(x y DKEY, b);
   CREATE TABLE t8(' x4 AS SEUNION0ice, hRre is a blessing:
#
#    May you do good and not evil.
#    May you find forgivenesevil.
#    May you find forgiveness for yourself and 5:26:21 drh